article_id,Hate_Crime,Reference_Hate
http://chicago.gopride.com/news/article.cfm/articleid/39792601,False,False
http://gawker.com/breitbart-com-is-sure-this-adidas-shirts-an-islamo-mexi-1603045854,False,False
http://www.baltimoresun.com/ph-ho-cf-school-days-0308-20120301-story.html,False,False
http://www.elpasoinc.com/news/local_news/the-enforcer-eppds-new-mustang/article_60908992-5beb-11e1-b9e7-0019bb30f31a.html,False,False
http://www.fauquier.com/news/alt-right-identity-dixie-fliers-posted-in-warrenton-ahead-of/article_a8a83e5a-9187-11e7-ae51-63555c3bdf4d.html,False,False
http://www.trinidadandtobagonews.com/blog/?p=6056,False,False
http://www.wzzm13.com/article/news/license-suspended-for-allendale-child-care-center-under-investigation/69-525012124,False,False
http://www.xinhuanet.com/english/2018-04/07/c_137093681.htm,False,False
https://6abc.com/caught-on-video-surveillance-attack-assault/5573209/,False,False
https://6abc.com/clovis-police-grandfather-attacked-home-depot-attack-parking-spot/5666440/,False,False
https://6abc.com/news/anti-violence-fair-held-in-memory-of-slain-phila-student/366088/,False,False
https://6abc.com/septa-train-stranded-30th-street-station/5667174/,False,False
https://abc11.com/jessica-mcclure-rescue-midland-well/1557780/,False,False
https://abc13.com/john-gotti-carmine-agnello-victoria-crime/3789073/,False,False
https://abc13.com/massage-heights-employee-in-houston-accused-of-sex-assault/5483720/,False,False
https://abc13.com/murder-killing-homeless-man-killed-kylie-jenner/2012509/,False,False
https://abc13.com/uber-driver-cancelled-disease/2804234/,False,False
https://abc13.com/vanessa-guillen-missing-woman-soldier-fort-hood/6312116/,False,False
https://abc7.com/abc7-cool-kid-diana-knobler/2984027/,False,False
https://abc7.com/gardena-toddler-abduction-child-car-wash-kidnapping/676920/,False,False
https://abc7.com/huong-tich-buddhist-temple-oc-santa-ana-hate-crime/8282705/,True,True
https://abc7.com/long-beach-drifting-formula-drift-race/3314287/,False,False
https://abc7.com/news/santa-ana-woman-shot-by-police-after-alleged-stabbings-identified/1355227/,False,False
https://abc7.com/ok-hand-gesture-bowl-cut-hate-crimes-crime-list/5573163/,False,False
https://abc7.com/pharrell-hollywood-walk-of-fame-star-williams-ellen-degeneres/422653/,False,False
https://abc7chicago.com/little-village-shooting-26th-street-southwest-side-chicago/5667351/,False,False
https://abc7chicago.com/lyft-sex-assault-driver-kidnapping-mount-prospect/5289532/,False,False
https://abc7chicago.com/michael-jace-the-shield-murder-trial/1355074/,False,False
https://abc7chicago.com/midlothian-metra-woman-attacked-near-attack/246515,False,False
https://abc7chicago.com/mold-home-water-damage-i-team/2805702/,False,False
https://abc7chicago.com/news/man-fatally-stabs-relative-at-elk-grove-village-hospital-police-say/568847/,False,False
https://abc7chicago.com/niu-shooting-anniversary-students-shot-killed-northern-illinois-university/517501/,False,False
https://abc7chicago.com/pierre-stokes-shooting-charges-tyshawn-lee/1245259/,False,False
https://abc7chicago.com/shawn-custis-assault-nanny-cam-beating-robbery/1408264/,False,False
https://abc7chicago.com/victory-reins-horseback-riding-sandy-michalewicz/181348/,False,False
https://abc7news.com/arch-rock-point-reyes-trail-collapse-rockslide/568434/,False,False
https://abc7news.com/campaign-email-san-jose-city-council/321406/,False,False
https://abc7news.com/coronavirus-in-bay-area-cases-corona-virus-california/6051365/,False,False
https://abc7news.com/darren-wilson-ferguson-police-officer-fatal/416164/,False,False
https://abc7news.com/golden-gate-bridge-suicide-barrier-net-suicides/1869721/,False,False
https://abc7news.com/google-maps-briefly-renames-senate-office-building-after-john-mccain-/4089454/,False,False
https://abc7news.com/grandmother-elder-abuse-san-francisco-visitacion-valley-neighborhood/5049856/,True,True
https://abc7news.com/hit-and-run-crash-san-jose-doctor-sandra-morse-craig-allen-arrested/1457925/,False,False
https://abc7news.com/leronne-armstrong-oakland-police-chinatown-violence-chief-crime/10331282/,True,True
https://abc7news.com/lin-leong-connie-ho-san-francisco-chinatown/736711/,True,True
https://abc7news.com/paterson-new-jersey-paintball-gun/4404171/,False,False
https://abc7news.com/powerful-storm-to-bring-dangerous-winds-to-midwest-northeast/5154261/,False,False
https://abc7news.com/san-francisco-embarcadero-attack-sf-woman-attacked/5486606/,False,False
https://abc7news.com/san-jose-teacher-arrested-chaboya-middle-school-with-loaded-gun/4093247/,False,False
https://abc7ny.com/assault-mother-son-assaults/5666688/,False,False
https://abc7ny.com/avocado-thrower-arrested-video-of-throwing-men-avocados-at-clerk-surveillance/2103018/,False,False
https://abc7ny.com/running-harassment-woman-harassed-while-women/5666449/,False,False
https://abc7ny.com/upper-east-side-manhattan-sex-assault-sexual/1192455/,False,False
https://abcnews.go.com/Entertainment/smith-handles-racism-hollywood/story?id=35394580,False,False
https://abcnews.go.com/Travel/oregon-woman-sexually-assaulted-denver-international-airport-airport/story?id=13365770,False,False
https://abcnews.go.com/US/berkeley-college-bakesale-incites-debate-racism/story?id=14597584,False,False
https://abcnews.go.com/US/crew-members-crazy-captain-mayday-call-man-killed/story?id=58100887,False,False
https://abcnews.go.com/US/friend-arrested-michelle-le-murder/story?id=14467218,False,False
https://abcnews.go.com/US/husband-describes-moments-best-friend-allegedly-stabbed-wife/story?id=29549729,False,False
https://abcnews.go.com/US/woman-killed-alligator-remembered-dedicated-teacher-colleagues/story?id=57306994,False,False
https://abcnews.go.com/blogs/headlines/2013/02/duke-students-protest-racist-rager-frat-party,True,True
https://amlawdaily.typepad.com/amlawdaily/2012/03/littler-partner.html,False,False
https://apnews.com/article/26b3eaf397bc4fda952a2034f4a10238,False,False
https://archive.sltrib.com/article.php?id=57399926&itype=cmsid,False,False
https://archive.thinkprogress.org/nine-white-supremacists-charged-in-washington-state-hate-crime-attack-731c3af69628/,False,False
https://around.uoregon.edu/content/article-movie-stereotypes-shouldnt-be-taken-seriously,False,True
https://atlanta.sbnation.com/atlanta-hawks/2011/5/19/2179151/today-show-wake-forest-story-jeff-teague-sexual-assault,False,False
https://bc.ctvnews.ca/alarming-disturbing-and-despicable-local-chinese-community-leader-condemns-attack-on-92-year-old-man-1.4910708?cache=%2F7.353992%2F7.325899,True,True
https://bikeportland.org/2011/05/19/portland-bike-boys-pose-for-water-project-fundraiser-53157,False,False
https://bleacherreport.com/articles/1745993-report-donald-cerrone-charged-with-assault-following-boat-rage-incident,False,False
https://bleacherreport.com/articles/2683365-michigan-football-player-grant-perry-charged-with-sexual-assault,False,False
https://blogs.ei.columbia.edu/2020/04/24/metal-urine-provides-potential-noninvasive-test-pancreatic-cancer/,False,False
https://ca.sports.yahoo.com/blogs/jrhockey-buzzing-the-net/halifax-mooseheads-trey-lewis-somehow-got-aggressor-penalty-000910307.html,False,False
https://calgary.ctvnews.ca/calgary-canucks-honour-ken-bracko-1.2561273,False,False
https://calgary.ctvnews.ca/hiker-discovers-human-remains-in-provincial-park-1.1459032,False,False
https://carnegieendowment.org/specialprojects/protectingfinancialstability/timeline,False,False
https://cimsec.org/the-second-most-powerful-man-in-the-world-phillips-obrien-on-admiral-william-leahy/,False,False
https://crosscut.com/2019/05/10-things-do-seattle,False,False
https://cumberlink.com/news/local/crime-and-courts/garonzik-expected-to-testify-today-in-assault-case/article_a6137b80-0f7b-11e1-8e1c-001cc4c002e0.html,False,False
https://deadline.com/2011/08/msnbc-announces-new-multi-year-contract-with-rachel-maddow-152700/,False,False
https://deadline.com/2013/09/longtime-nascar-indycar-announcer-marty-reid-out-at-espn-599376/,False,False
https://deadline.com/2020/07/president-donald-trump-tweetstorm-the-sunday-edition-86-1202977885/,False,False
https://denver.cbslocal.com/2016/10/11/hate-crime-charges-filed-after-attack-on-bicyclist/,False,False
https://edition.cnn.com/2015/06/01/football/fifa-corruption-warner-onion/index.html,False,False
https://edmonton.ctvnews.ca/mobile/missing-woman-s-friends-family-gather-on-second-anniversary-of-disappearance-1.4721127?cache=?clipId=89680,False,False
https://edmonton.ctvnews.ca/teacher-charged-with-sexual-assault-taught-at-three-public-schools-1.1635153,False,False
https://english.alarabiya.net/articles/2011%2F11%2F15%2F177276,True,True
https://eurasiantimes.com/israel-gearing-up-for-a-show-down-with-iran-as-donald-trump-sought-military-action-against-tehran/,False,False
https://fox4kc.com/news/kcpd-officer-charged-with-assault-on-estranged-wife/,False,False
https://fox8.com/news/east-side-attacks-man-arrested-witnesses-needed/,False,False
https://fredericksburg.com/news/local/hedelt-much-of-amcs-turn-episode-shot-at-stratford-hall-in-westmoreland/article_d2426577-5bdb-5b41-8b14-9cd4bc75bb41.html,False,False
https://gadgets.ndtv.com/internet/news/ratan-tata-invests-in-b2b-marketplace-moglix-799727,False,False
https://globalnews.ca/news/6887720/man-arrested-violent-skytrain-attack/,True,True
https://globalpublicsquare.blogs.cnn.com/2011/09/04/photographing-mugabe-up-close/,False,False
https://gothamist.com/news/subway-rider-allegedly-assaults-and-spits-on-korean-woman-get-the-f-out-of-my-country,True,True
https://gothamist.com/news/west-villages-rogue-pisser-arrested-city-safe-again,False,False
https://hoodline.com/2017/04/woman-dragged-off-muni-bus-assaulted-robbed-by-10-people-on-fillmore-street/,False,False
https://kdvr.com/news/boulder-county-deputy-seriously-injured-in-jail-assault/,False,False
https://kfor.com/news/macomb-teacher-arrested-and-leaves-the-community-in-shock/,False,False
https://kfor.com/news/rape-case-involving-former-bixby-football-players-dismissed-sources-say/,False,False
https://kitchener.ctvnews.ca/concerns-about-pedestrian-connections-to-new-bridge-over-401-1.3769185,False,False
https://kitchener.ctvnews.ca/nestle-recalls-2-batches-of-frozen-pizza-over-glass-concerns-1.2812002,False,False
https://kitchener.ctvnews.ca/victim-of-deadly-crash-near-ayr-identified-as-brant-county-woman-1.2172835,False,False
https://kitchener.ctvnews.ca/waterloo-s-magnet-forensics-purchases-u-s-based-company-1.3621106,False,False
https://krcrtv.com/news/local/red-bluff-woman-jailed-on-1-million-bail-for-continued-sexual-assault-of-5-year-old-girl,False,False
https://ktla.com/2013/08/24/i-have-a-dream-speech-anniversary-draws-crowds-in-dc,False,False
https://ktla.com/news/local-news/investigation-continues-after-dozens-sickened-by-rosca-de-reyes-bread-from-santa-ana-bakery/,False,False
https://ktla.com/news/nationworld/naked-man-falls-through-restroom-ceiling-at-boston-airport-assaults-84-year-old-man/,False,False
https://kutv.com/news/local/susan-hunts-sister-makes-plea-for-compassion-in-the-face-of-dui-charge,False,False
https://kymkemp.com/2016/04/19/kailan-meserve-found-guilty-of-rape/,False,False
https://latimesblogs.latimes.com/lanow/2012/04/slain-iraqi-immigrant-search-warrant.html,False,False
https://latimesblogs.latimes.com/lanow/2012/08/slaughterhouse-gets-to-stay-in-rosemead.html,False,False
https://losangeles.cbslocal.com/2014/01/15/sun-valley-residents-say-mountain-lion-is-snatching-their-pets/,False,False
https://madamenoire.com/594447/female-comic-brutally-beaten-after-rejecting-mens-advances/,False,False
https://mashable.com/2012/06/20/pedobear-sandusky/,False,False
https://mashable.com/2013/01/21/google-removes-make-me-asian-app/,True,False
https://mashable.com/2013/04/03/jon-hamm-gifs/,False,False
https://mashable.com/2015/06/01/mastodon-game-of-thrones/,False,False
https://mexiconewsdaily.com/news/bodies-of-six-found-hanging-from-bridges/,False,False
https://mexiconewsdaily.com/news/negligence-in-girls-abduction-and-murder/,False,False
https://montreal.ctvnews.ca/montreal-metro-attack-police-release-photos-description-of-suspect-1.4816717,False,False
https://nebraska.tv/news/local/bail-set-for-lincoln-high-coach-accused-of-sex-assault,False,False
https://news.un.org/en/story/2011/03/368572-un-population-prize-awarded-iranian-demographer-and-african-institute,False,False
https://news.un.org/en/story/2012/11/425002-timor-leste-security-council-praises-countrys-progress-reaffirms-continued-un,False,False
https://news.un.org/en/story/2013/06/442302-quality-education-can-help-prevent-racism-and-xenophobia-un-expert,False,False
https://news.un.org/en/story/2013/12/457532,False,False
https://newyork.cbslocal.com/2013/02/26/nyc-marks-20th-anniversary-of-1993-world-trade-bombing/,False,False
https://newyork.cbslocal.com/2014/06/04/comedian-kevin-meaney-arrested-for-allegedly-elbowing-woman-at-jfk-airport/,False,False
https://newyork.cbslocal.com/2019/10/27/police-say-killing-of-14-year-old-on-queens-basketball-court-was-random-shooting/,False,False
https://nypost.com/2018/05/13/elderly-women-attacked-by-homeless-man-at-bus-stop/,False,False
https://nypost.com/2018/07/16/ex-con-randomly-punches-women-in-the-face-in-subway-station-cops/,False,False
https://nypost.com/2021/01/06/soho-karen-miya-ponsetto-was-having-anxiety-attack-lawyer/,True,True
https://patch.com/illinois/mokena/mokena-man-charged-with-hate-crime-over-fight-with-new-neighbor,False,False
https://pix11.com/news/disturbing-video-shows-emts-being-attacked-while-responding-to-emergency-calls/,False,False
https://pix11.com/news/its-a-g-thing/its-a-g-thing-harlems-national-dance-institute-gives-kids-access-to-the-arts/,False,False
https://pix11.com/news/john-henson-a-son-of-muppets-creator-jim-henson-dies-at-48/,False,False
https://pix11.com/news/local-news/bronx/pedestrian-struck-and-killed-on-hutchinson-river-parkway/,False,False
https://pix11.com/news/local-news/bronx/police-release-suspect-sketch-after-man-thrown-on-bronx-subway-tracks-in-possible-hate-crime/,False,False
https://pix11.com/news/local-news/brooklyn/man-slashes-brooklyn-deli-worker-in-face-after-dispute-with-woman-police/,False,False
https://pix11.com/news/local-news/manhattan/inwood-shooting-injures-5-people-including-teenager-nypd/,False,False
https://pix11.com/news/mother-says-suspect-arrested-for-killing-her-son-mourned-with-her-at-her-home/,False,False
https://pix11.com/news/officials-1-case-of-measles-confirmed-at-palisades-center-mall/,False,False
https://pix11.com/news/seattle-police-release-kurt-cobain-photos-developed-20-years-after-they-were-taken/,False,False
https://pix11.com/news/watch-dad-calls-out-parents-who-humiliate-their-kids-online/,False,False
https://profootballtalk.nbcsports.com/2013/02/26/team-asks-prospect-do-you-like-girls/,False,False
https://profootballtalk.nbcsports.com/2015/02/10/ravens-security-chief-darren-sanders-now-facing-assault-charge-as-well/,False,False
https://realnoevremya.com/articles/1470-facts-about-wannacry-virus,False,False
https://reason.com/2011/08/02/is-matt-damon-right-that-teach/,False,False
https://reason.com/2013/04/03/singing-through-the-sequester-cory-booke/,False,False
https://sanfrancisco.cbslocal.com/2013/02/13/man-arrested-following-discovery-of-bomb-at-santa-clara-home/,False,False
https://scroll.in/latest/887758/uk-decides-against-separate-law-to-counter-caste-discrimination-in-indian-community,True,True
https://scroll.in/video/942458/watch-can-i-have-a-white-doctor-senior-indian-surgeon-with-uks-nhs-recounts-racist-comments,True,True
https://sg.news.yahoo.com/married-man-admits-to-hiring-hitman-on-dark-web-to-kill-former-mistress-new-boyfriend-044156360.html,False,False
https://sg.news.yahoo.com/shanmugam-surprised-by-outcome-of-molest-case-involving-nus-student-agc-to-appeal-verdict-060510237.html,False,False
https://source.wustl.edu/2014/07/stem-faculty-institute-on-teaching-a-good-fit/,False,False
https://thebrownandwhite.com/2019/02/24/lehigh-northampton-flu-epidemic/,False,False
https://thehill.com/blogs/blog-briefing-room/news/386399-parkland-fathers-counter-protests-at-the-nra-convention,False,False
https://thehill.com/policy/healthcare/468660-trump-administration-proposes-rule-to-let-faith-based-adoption-groups-bar,False,False
https://today.ku.edu/leading-immigration-historian-erika-lee-give-virtual-talk-hall-center-lecture-series,False,False
https://tribune.com.pk/article/5398/million-dollar-mosques-surrounded-by-hungry-muslims,False,False
https://tribune.com.pk/story/173744/wikileaks-saudi-arabia-uae-funded-extremist-networks-in-pakistan,False,False
https://tribune.com.pk/story/563531/one-official-killed-in-attack-on-quaid-e-azam-residency-in-balochistan,False,False
https://tulsaworld.com/news/state-and-regional/why-a-chickasha-triple-murder-suspect-got-out-of-prison-for-past-crimes-after-just/article_4a7c1ffe-6cb2-11eb-b351-0ffa5cb62c07.html,False,False
https://usa.inquirer.net/58459/canada-has-more-reported-anti-asian-hate-incidents-than-u-s-report,True,True
https://variety.com/2018/film/news/brendan-fraser-hfpa-ex-president-sexually-assaulted-him-1202707850/,False,False
https://variety.com/2018/gaming/news/we-happy-few-acquired-by-microsoft-1202839349/,False,False
https://wjla.com/news/local/police-man-accused-of-assaulting-woman-leaving-her-with-broken-bones-in-va-apt-attack,False,False
https://worldview.stratfor.com/article/terrorist-attacks-churches-mosques-synagogues-temples-copycat-retribution,False,False
https://wset.com/archive/man-says-obama-mask-on-monkey-not-racist,True,False
https://wset.com/news/local/va-sheriffs-office-releases-body-cam-video-of-traffic-stop-after-woman-claims-racism,False,False
https://wtop.com/celebrities/2019/12/here-are-just-some-of-the-people-who-were-canceled-or-threatened-with-cancellation-in-2019/,False,False
https://www.9and10news.com/2015/09/17/gladwin-county-man-dead-after-shooting-at-deputies/,False,False
https://www.aa.com.tr/en/europe/-turkic-council-should-join-hands-to-combat-xenophobia-/1431870,False,False
https://www.abc.net.au/news/2011-02-02/mexico-complains-about-top-gear-insults/1926452,False,False
https://www.abc.net.au/news/2020-12-02/south-korean-teens-face-life-changing-exam-during-coronavirus/12934940,False,False
https://www.abc10.com/article/news/local/rancho-cordova/california-asian-chamber-of-commerce-launches-business-triage-center/103-4af469d4-341c-47af-8402-308787abdffd,False,False
https://www.abqjournal.com/1461213/accused-rapist-back-in-jail-charged-with-2010-sex-assault.html,True,False
https://www.advocate.com/crime/2013/12/10/gay-man-allegedly-assaulted-hasidic-gang-new-york,False,False
https://www.advocate.com/crime/2017/10/10/nathan-lane-accuses-weinstein-physical-assault-hillarys-birthday-party,False,False
https://www.advocate.com/transgender/2016/4/19/duke-president-urges-repeal-anti-lgbt-north-carolina-bill,False,False
https://www.afl.com.au/news/131877/twoyear-ban-for-tigers-member-over-racist-taunts,False,True
https://www.al.com/news/2020/02/alabama-bill-adds-cops-to-categories-of-hate-crimes-victims.html,False,False
https://www.aljazeera.com/news/2012/8/31/tens-of-thousands-join-protest-in-bahrain,False,False
https://www.aljazeera.com/news/2014/8/18/kenya-anti-terrorism-police-accused-of-abuses,False,False
https://www.artforum.com/news/hundreds-protest-israeli-art-museum-over-sculpture-of-crucified-ronald-mcdonald-78308,False,False
https://www.artsy.net/article/artsy-editorial-15-young-lgbtq-artists-driving-contemporary-art-forward,False,False
https://www.artsy.net/article/artsy-editorial-ai-weiwei-speaks-about-his-divisive-responses-to-the-syrian-refugee-crisis-lego-and-his-new-life-in-berlin,False,False
https://www.asianage.com/india/all-india/170219/pulwama-attack-ukhand-police-dispels-reports-of-kashmiri-students-being-attacked.html,False,False
https://www.asianage.com/sports/in-other-sports/171216/rape-accused-olympian-sanjeev-rajput-attacked.html,False,False
https://www.azfamily.com/news/continuing_coverage/coronavirus_coverage/arizona-asian-americans-fear-uptick-in-violence-against-their-community/article_0c139cec-6ccb-11eb-aa0e-1bf818daca6c.html,True,True
https://www.barbadosadvocate.com/news/barriers-%E2%80%98full-emancipation%E2%80%99-highlighted,False,False
https://www.bbc.co.uk/news/science-environment-24612322,False,False
https://www.bbc.co.uk/news/uk-41560927,True,True
https://www.bbc.co.uk/news/uk-england-coventry-warwickshire-15245139,False,False
https://www.bbc.co.uk/news/uk-wales-south-east-wales-32841561,False,False
https://www.bbc.co.uk/news/world-europe-13926342,True,True
https://www.bbc.com/news/uk-england-derbyshire-28801668,False,False
https://www.bbc.com/news/uk-england-nottinghamshire-52413070,True,True
https://www.bbc.com/news/uk-scotland-highlands-islands-43153998,False,False
https://www.bbc.com/news/world-asia-51027404,False,False
https://www.bbc.com/news/world-asia-china-33376352,False,False
https://www.bbc.com/news/world-asia-china-55555299,True,True
https://www.bbc.com/news/world-asia-china-56453806,True,True
https://www.belfastlive.co.uk/news/belfast-news/man-attacked-finaghy-left-broken-9607927,False,False
https://www.bizjournals.com/sanjose/news/2018/03/02/youtube-recruiter-sues-google-hiring-mandates.html,False,False
https://www.boston25news.com/news/trending-now/utah-woman-accused-of-choking-adult-son-with-genetic-disorder/936025578/,False,False
https://www.bostonglobe.com/lifestyle/names/2015/08/12/three-more-women-allege-assault-cosby/fUOLe7VvBxy3BE8UQeh66K/story.html,False,False
https://www.bostonglobe.com/metro/regionals/west/2012/03/04/record-breaking-day-pool-for-weston-high-girls-relay-team/xQbfhl0xSHNBLTibWuDoTI/story.html,False,False
https://www.businessinsider.com/china-has-banned-120-immoral-songs-2015-8,False,False
https://www.businessinsider.com/most-ruthless-leaders-of-all-time-2016-11,False,False
https://www.businessinsider.com/turkmenistan-what-life-is-like-inside-secretive-dictatorship-2019-10,False,False
https://www.businesstoday.in/technology/news/from-hate-speech-to-nudity-facebooks-oversight-board-picks-its-first-cases/story/423594.html,False,True
https://www.buzzfeed.com/alisonwillmore/the-other-woman-walk-of-shame-and-the-fake-feminist-comedy,False,False
https://www.cbs8.com/article/news/local/san-diego-rabbi-attacked-hate-crime-hopes-teenage-suspect-gets-help-yonatan-halevy/509-d772b75b-7a4f-48c2-bdcc-8ca67c8ed7d3,True,True
https://www.cbsnews.com/news/georgia-restaurant-owner-and-teen-daughter-say-they-were-attacked-over-cold-chicken/,False,False
https://www.channel4.com/news/met-police-racism-figures-reveal-120-cases-one-dismissal,False,False
https://www.chicagotribune.com/news/breaking/ct-chicago-sexual-assault-robberyt-report-20200705-nob66lia5vg6pfvagbeghns4ui-story.html,False,False
https://www.chicagotribune.com/news/ct-xpm-2013-12-07-ct-lawyer-sexual-assault-met-1207-20131207-story.html,False,False
https://www.chicagotribune.com/suburbs/la-grange/chi-la-grange-minister-sex-assault-story.html,False,False
https://www.cleveland.com/business/2011/06/muslim_woman_sues_abercrombie.html,True,True
https://www.cleveland19.com/2019/08/17/cleveland-police-investigating-bus-stop-beating-after-video-attack-is-posted-facebook/,False,False
https://www.cnbc.com/2018/09/29/why-people-are-paying-300000-for-this-pet-fish.html,False,False
https://www.cnbc.com/2021/03/19/biden-urges-congress-to-pass-hate-crime-legislation-over-violence-against-asian-americans.html,True,True
https://www.cnn.com/2014/07/09/justice/massachusetts-philip-chism/index.html,False,False
https://www.cnn.com/2015/05/17/us/harvard-asian-americans-discrimination-complaint/index.html,True,True
https://www.cnn.com/2016/08/05/europe/black-lives-matter-uk-heathrow-shutdown/index.html,False,False
https://www.cnn.com/2017/12/20/entertainment/khloe-kardashian-pregnant/index.html,False,False
https://www.cnn.com/2018/08/24/africa/south-africa-racist-video-apology-intl/index.html,False,False
https://www.cnn.com/2019/05/07/entertainment/flinch-netflix-trnd/index.html,False,False
https://www.cnn.com/2019/10/28/politics/donald-trump-jussie-smollett-chicago/index.html,False,False
https://www.cnn.com/style/article/freckles-zara-ad-china-beauty/index.html,True,True
https://www.cnn.com/videos/us/2019/08/22/fisherman-pitbull-shark-attack-nr-vpx.cnn,False,False
https://www.columbiamissourian.com/news/higher_education/choi-faces-faculty-questions-on-racism-at-mu-promotion-and-tenure/article_eaca0a4e-13ec-11eb-967e-d358a9c9eea2.html,False,False
https://www.columbiamissourian.com/news/higher_education/mus-asian-students-reluctant-to-report-episodes-of-discrimination-racism/article_e384936e-963b-11e5-8813-c34632bd9101.html,True,True
https://www.complex.com/pop-culture/2012/01/10-2011-korean-movies-you-need-to-see/,False,False
https://www.courant.com/education/hc-clery-campus-sexual-assault-1016-20141025-story.html,False,False
https://www.ctpost.com/news/article/Lover-of-ex-NFL-player-Greenwich-man-convicted-2711361.php,False,False
https://www.ctpost.com/policereports/article/Investment-banker-charged-with-hate-crime-3375696.php,True,True
https://www.ctvnews.ca/canada/girl-8-injured-when-black-bear-swipes-tent-at-manitoba-backcountry-campsite-1.4024713,False,False
https://www.ctvnews.ca/canada/small-plane-crashes-in-sask-passengers-and-pilot-survive-1.1218081,False,False
https://www.dailymail.co.uk/news/article-2016531/Rupert-Murdoch-attacked-Wife-Wendi-Deng-stops-Jonnie-Marbles-custard-pie.html,False,False
https://www.dailymail.co.uk/news/article-2093185/Lloyd-Hill-kills-ex-wife-lover--men-swapped-wives.html,False,False
https://www.dailymail.co.uk/news/article-2127165/Outrage-whale-shark-tied-2-5-hours-girl-surf-it.html,False,False
https://www.dailymail.co.uk/news/article-2486988/Terrifying-moment-thugs-launch-firework-Stockport-licence.html,False,False
https://www.dailymail.co.uk/news/article-3782977/Rapist-guilty-15-year-old-victim-left-voicemail-friend-s-mobile-pleaded-raping-me.html,False,False
https://www.dailyrecord.co.uk/news/scottish-news/four-teens-arrested-after-alleged-22335806,True,True
https://www.dailyrecord.co.uk/news/uk-world-news/fas-anti-racism-campaigner-paul-elliot-1726973,False,False
https://www.dawn.com/news/1163595,False,False
https://www.dawn.com/news/1228528,False,False
https://www.deccanchronicle.com/entertainment/bollywood/140316/i-was-tiger-s-fan-since-school-days-reveals-his-baaghi-co-star-shraddha-kapoor.html,False,False
https://www.deccanherald.com/state/6-dalits-assaulted-refusing-vote-bjp-669830.html,True,True
https://www.democratandchronicle.com/story/news/2014/06/04/youtube-video-sparks-conversation-about-racism-in-wny/9972611/,True,True
https://www.democratandchronicle.com/story/news/2015/08/08/rochester-man-charged-steuben-assault/31332273/,False,False
https://www.digitalmusicnews.com/2016/05/16/soundcloud-preparing-massive-restrictions-dj-uploads/,False,False
https://www.dnaindia.com/india/report-probe-begins-in-naxal-ambush-informant-under-police-lens-2057847,False,False
https://www.dw.com/en/12-killed-in-california-bar-shooting/a-46208314,False,False
https://www.dw.com/en/g%C3%B6rlach-global-will-singapore-or-taiwan-replace-hong-kong-as-asias-financial-hub/a-55740513,False,False
https://www.dw.com/en/south-korea-celebrity-suicides-gender-inequality/a-56532739,False,False
https://www.eastbaytimes.com/2017/08/30/video-released-of-hate-crime-at-synagogue-in-alameda/,False,False
https://www.elonnewsnetwork.com/article/2019/09/phoenix-fourth-friday-fills-downtown-burlington,False,False
https://www.enca.com/world/woman-shouting-allahu-akbar-injures-two-with-blade-in-france,False,False
https://www.episcopalnewsservice.org/2021/02/11/max-lucado-apologizes-for-past-comments-on-homosexuality-after-outrage-at-national-cathedral-invitation/,False,False
https://www.espn.com/nba/story/_/id/20155666/golden-state-warriors-draymond-green-sued-alleged-assault,False,False
https://www.expressandstar.com/news/crime/2012/07/13/willenhall-murder-trial-told-of-attack-on-victim/,True,True
https://www.fbi.gov/contact-us/field-offices/sacramento/news/press-releases/california-man-sentenced-to-federal-prison-for-racially-motivated-assault-on-white-man-and-african-american-woman-1,False,False
https://www.fbi.gov/news/testimony/oversight-of-the-federal-bureau-of-investigation-7,False,False
https://www.forbes.com/sites/brucelee/2020/02/18/how-covid-19-coronavirus-is-uncovering-anti-asian-racism/,True,True
https://www.forbes.com/sites/olliebarder/2016/10/15/kazuhiko-torishima-on-shaping-the-success-of-dragon-ball-and-the-origins-of-dragon-quest/,False,False
https://www.fox10phoenix.com/news/supernatural-star-jared-padalecki-charged-for-assaulting-his-employees,False,False
https://www.foxnews.com/media/jennifer-rubin-washington-post-we-need-gop,False,False
https://www.freep.com/story/news/columnists/rochelle-riley/2016/02/06/dr-mona-hanna-attisha-goes-doctor-global-hero/79772514/,False,False
https://www.ft.com/content/c056e86e-91f4-11e6-8df8-d3778b55a923,False,False
https://www.glamour.com/story/meet-three-of-the-most-courage,False,False
https://www.goal.com/en/news/atalanta-fiorentina-clash-halted-due-to-racist-abuse-of/mxc7wxt0rlfr1ha9pytqr4pre,False,False
https://www.hawaiinewsnow.com/story/19389560/hawaii-woman-charged-with-assault-on-jet,False,False
https://www.hindustantimes.com/football/raheem-sterling-calls-for-premier-league-to-clamp-down-on-racism/story-oH2FMry536Z1TFRK0Ije9K.html,True,True
https://www.hollywoodreporter.com/heat-vision/bill-damaschke-named-president-animation-family-entertainment-skydance-1047231,False,False
https://www.hollywoodreporter.com/news/big-bang-theory-cast-glen-691709,False,False
https://www.hollywoodreporter.com/news/bronx-bombers-bombs-broadway-682139,False,False
https://www.hollywoodreporter.com/news/donald-trump-fans-bash-wrong-hamilton-theater-broadway-casts-address-mike-pence-949567,False,False
https://www.hollywoodreporter.com/news/dustin-diamond-is-back-jail-897591,False,False
https://www.hollywoodreporter.com/news/emma-watson-threatened-nude-photo-735226,False,False
https://www.hollywoodreporter.com/news/heathers-musical-set-make-new-664819,False,False
https://www.hollywoodreporter.com/news/idina-menzel-musical-close-broadway-762335,False,False
https://www.hollywoodreporter.com/news/jk-rowling-blasts-church-dumbledore-798482,False,False
https://www.hollywoodreporter.com/news/julianne-moore-play-sarah-palin-166040,False,False
https://www.hollywoodreporter.com/news/lee-guthrie-tv-writer-producer-dies-353068,False,False
https://www.hollywoodreporter.com/news/starz-animation-studio-renamed-arc-177805,False,False
https://www.hrw.org/news/2011/12/20/angola-explain-missing-government-funds,False,False
https://www.hrw.org/news/2013/07/16/cameroon-lgbti-rights-activist-found-dead-tortured,False,False
https://www.hrw.org/news/2016/11/21/un-victory-lgbt-rights,False,False
https://www.hrw.org/news/2017/01/27/glimmer-light-transgender-people-ukraine,False,False
https://www.hrw.org/news/2017/02/28/ukraine-acts-improve-diversity-and-inclusion,False,False
https://www.hrw.org/news/2019/09/27/un-expert-shocked-abuses-zimbabwe,False,False
https://www.hrw.org/news/2020/09/15/un-rights-body-should-monitor-abuses-ensure-accountability-philippines-saudi-arabia,True,True
https://www.indiatoday.in/crime/story/minor-girl-raped-for-months-burnt-alive-in-tripura-1626413-2019-12-08,True,True
https://www.indiatvnews.com/news/india/up-police-constable-suspended-for-beating-physically-challenged-man-650798,False,False
https://www.indiewire.com/2016/04/daily-reads-hollywoods-unchecked-wave-of-racial-erasure-black-ish-rethinks-the-family-sitcom-and-more-293199/,False,True
https://www.insidehighered.com/admissions/article/2020/01/13/more-admissions-officers-last-year-check-social-media,False,False
https://www.insidehighered.com/quicktakes/2016/11/21/hampshire-college-decides-not-fly-any-flags,False,False
https://www.insidethegames.biz/articles/1039057/former-south-african-olympic-cyclist-shot-dead-in-armed-robbery,False,False
https://www.irishcentral.com/opinion/patrickroberts/orange-order-fanatics-resemble-kkk-more-than-a-cultural-group,True,True
https://www.irishtimes.com/life-and-style/food-and-drink/recipes/bi-bim-bap-1.2746242,False,False
https://www.irishtimes.com/life-and-style/food-and-drink/restaurant-reviews/meal-ticket-cocu-dublin-4-1.2476188,False,False
https://www.jamaicaobserver.com/latestnews/VPA_recommends_holistic_approach_to_policing,False,False
https://www.jsonline.com/business/tosa-firm-to-add-145-jobs-3g5edg4-151644405.html/,False,False
https://www.kgw.com/article/news/purse-snatchers-targeting-elderly-asian-women-in-southeast-portland/283-98ecd8d6-ea19-4656-a607-c156843bf4d3,True,True
https://www.khou.com/article/news/crime/multiple-injuries-reported-in-southeast-houston-shooting/285-65515b44-f09c-4a87-aa56-7e58c6970a68,False,False
https://www.khou.com/article/news/education/star-studded-lineup-will-take-part-in-houston-graduation-celebration-of-class-of-2020/285-b41cdc8c-c252-4eae-83c4-081497e8977a,False,False
https://www.kidzworld.com/article/31321-spider-man-into-the-spider-verse-movie-review-you-can-wear-the-mask/,False,False
https://www.kpbs.org/news/2020/aug/10/californias-top-public-health-director-out-no-reas/,False,False
https://www.kpbs.org/news/2021/mar/19/san-diegos-aapi-community-speaks-out-against-recen/,True,True
https://www.kron4.com/news/bay-area/suspect-in-girls-alleged-sexual-assault-near-altimira-middle-school-identified/,False,False
https://www.ksla.com/2019/09/23/arrested-nacogdoches-county-child-sex-assault-investigation/,False,False
https://www.lamag.com/culturefiles/street-artist-plastic-jesus-latest-installation-calls-out-racism-in-hollywood/,False,False
https://www.latimes.com/california/story/2021-03-19/anti-asian-racism-oakland-chinatown,True,True
https://www.latimes.com/entertainment/gossip/la-et-mg-rose-byrne-bobby-cannavale-baby-boy-rocco-20160208-story.html,False,False
https://www.latimes.com/local/la-xpm-2012-jun-17-la-me-0618-king-lapd-20120618-story.html,False,False
https://www.latimes.com/nation/la-xpm-2012-oct-05-la-na-nn-university-texas-bleach-bombs-20121005-story.html,True,True
https://www.latimes.com/sports/la-xpm-2012-aug-27-la-sp-sn-gabby-douglas-oprah-20120827-story.html,False,False
https://www.lehighvalleylive.com/phillipsburg/2011/07/facebook_video_shows_assault_o.html,False,False
https://www.lgbtqnation.com/2011/05/three-suspects-in-custody-following-attack-outside-el-paso-gay-bar/,False,False
https://www.localdvm.com/news/woodbridge-carnival-opens-amid-pandemic/,False,False
https://www.localmemphis.com/article/news/local/local-in-ms/desoto-county-sheriffs-department-asking-for-help-finding-missing-13-year-old-girl/522-d30d38a3-186d-4016-9363-f1abf56ba6a2,False,False
https://www.lohud.com/story/news/crime/2020/08/10/ossining-man-faces-hate-crime-charge-after-stabbing-female-teenager-march/3340222001/,False,False
https://www.maritime-executive.com/article/itf-accuses-jakarta-terminal-guards-of-attacking-union-member,False,False
https://www.marketplace.org/2013/09/26/film-inequality-all-takes-income-gap/,False,False
https://www.marketplace.org/2016/03/10/five-major-imports-us-gets-canada/,False,False
https://www.marketplace.org/2016/09/06/working-home/,False,False
https://www.marketplace.org/2016/12/22/richter/,False,False
https://www.marketplace.org/shows/corner-office-from-marketplace/behind-every-dunkin-donut-stands-ceo,False,False
https://www.marketplace.org/shows/the-uncertain-hour/s02-2-peanut-butter-wars,False,False
https://www.mcall.com/news/local/mc-reading-congress-aide-sex-assault-20130926-story.html,False,False
https://www.mediaite.com/tv/brooke-baldwin-grills-dem-candidate-for-her-violent-anti-gop-rhetoric-while-playing-world-of-warcraft/,False,False
https://www.mirror.co.uk/news/politics/margaret-thatcher-wanted-whites-only-11889262,False,False
https://www.mirror.co.uk/news/uk-news/woolwich-attack-britain-unites-warn-1926702,True,True
https://www.mlb.com/news/roberto-osuna-arrested-on-assault-charge-c275800784,False,False
https://www.mmaweekly.com/fighters-react-to-jon-jones-knocking-out-daniel-cormier-via-twitter,False,False
https://www.montclairlocal.news/2020/12/01/montclair-police-blotter-dec-1-nj/,False,False
https://www.mysuncoast.com/2020/12/01/its-giving-tuesday-how-will-you-give-back/,False,False
https://www.nbcboston.com/news/local/jordan-lamonde-gets-2-5-years-in-prison-for-planet-fitness-club-attack-rochester-new-hampshire/136931/,False,False
https://www.nbcboston.com/news/local/mass-gymnastics-coach-charged-with-rape-of-teen-in-stow/2157409/,False,False
https://www.nbcboston.com/news/local/twitter-user-who-offered-500-for-killling-ice-agent-acquitted/2045538/,False,False
https://www.nbcchicago.com/news/local/milani-boutique-oak-street-burglary/69251/,False,False
https://www.nbcchicago.com/top-videos-home/the-city-cant-survive-like-this-chicago-alderman-says-after-night-of-looting-and-violence/2319714/,False,False
https://www.nbcdfw.com/news/local/massage-therapist-found-not-guilty-of-sexual-assault/1929126/,False,False
https://www.nbclosangeles.com/news/local/suspects-shot-and-killed-during-jewelry-store-robbery-identified/1901611/,False,False
https://www.nbclosangeles.com/news/local/trees-removed-replanted-endeavour-shuttle-science-center/2105695/,False,False
https://www.nbcnews.com/dateline/denise-huskins-aaron-quinn-files-claim-against-city-vallejo-calling-n429491,False,False
https://www.nbcnews.com/feature/nbc-out/120-members-congress-tell-trump-end-his-harmful-anti-lgbtq-n1233460,False,False
https://www.nbcnews.com/feature/nbc-out/alaskans-vote-no-transgender-bathroom-bill-n863471,False,False
https://www.nbcnews.com/feature/nbc-out/arkansas-asks-city-s-lgbtq-rights-ordinance-be-blocked-n787901,False,False
https://www.nbcnews.com/health/cancer/brain-radiation-treatment-worse-cure-study-finds-n367601,False,False
https://www.nbcnews.com/health/health-news/primatene-non-prescription-asthma-inhaler-back-after-7-years-n934106,False,False
https://www.nbcnews.com/news/all/antifa-group-chants-outside-vandalizes-fox-commentator-tucker-carlson-s-n934131,False,False
https://www.nbcnews.com/news/animal-news/two-people-injured-colorado-elk-attack-captured-video-n1059851,False,False
https://www.nbcnews.com/news/asian-america/dylann-roofs-racist-manifesto-reveals-pro-asian-sentiments-n381056,True,True
https://www.nbcnews.com/news/asian-america/editorial-i-walked-out-racist-audition-n538896,True,True
https://www.nbcnews.com/news/asian-america/ho-chi-chin-signs-target-maine-mayoral-candidate-ben-chin-n447201,True,True
https://www.nbcnews.com/news/asian-america/trio-arrested-after-allegedly-fighting-yelling-seemingly-racist-insults-restaurant-n596576,True,True
https://www.nbcnews.com/news/asian-america/usc-student-president-responds-racism-cant-continue-n432211,True,True
https://www.nbcnews.com/news/crime-courts/florida-girl-5-was-alive-being-thrown-bridge-police-n282916,False,False
https://www.nbcnews.com/news/crime-courts/new-suit-says-n-h-prep-school-destroyed-girl-after-n873776,False,False
https://www.nbcnews.com/news/north-korea/kim-han-sol-son-assassinated-kim-jong-nam-speaks-out-n730526,True,True
https://www.nbcnews.com/news/us-news/driver-deadly-car-attack-charlottesville-white-nationalist-rally-pleads-guilty-n987961,False,False
https://www.nbcnews.com/news/us-news/former-usa-gymnastics-doctor-larry-nassar-hit-child-sex-charges-n686906,False,False
https://www.nbcnews.com/news/us-news/man-convicted-killing-florida-woman-costa-rica-airbnb-sentenced-16-n1138026,False,False
https://www.nbcnews.com/news/us-news/man-fatally-struck-fedex-truck-during-george-floyd-protests-st-n1219701,False,False
https://www.nbcnews.com/news/us-news/wisconsin-lawmaker-wants-stealthing-classified-sex-assault-n759586,False,False
https://www.nbcnews.com/news/world/violence-erupts-india-lowest-caste-protests-supreme-court-order-n862091,False,False
https://www.nbcnews.com/politics/2016-election/trump-accuser-zervos-fights-back-brings-witness-n667311,False,False
https://www.nbcnews.com/politics/national-security/trump-authorized-soleimani-s-killing-7-months-ago-conditions-n1113271,False,False
https://www.nbcnews.com/politics/politics-news/gofundme-page-fired-fbi-no-2-mccabe-legal-defense-fund-n861581,False,False
https://www.nbcnews.com/specials/world-watches-us-vote-trump-biden-election/,False,False
https://www.nbcnews.com/storyline/bill-cosby-scandal/navy-revokes-bill-cosbys-honorary-title-amid-sex-assault-claims-n261691,False,False
https://www.nbcnews.com/storyline/brexit-referendum/pro-brexit-trade-minister-liam-fox-rips-british-businesses-too-n646051,False,False
https://www.nbcnews.com/storyline/middle-east-unrest/jerusalems-arab-jewish-school-hand-hand-torched-apparent-arson-attack-n258361,False,False
https://www.nbcnews.com/storyline/new-york-prison-escape/inmates-say-guards-beat-them-info-after-matt-sweat-escape-n408096,False,False
https://www.nbcnewyork.com/news/coronavirus/mourning-at-a-distance-funerals-take-to-live-streaming/2343784/,False,False
https://www.nbcnewyork.com/news/good-news/once-near-death-sea-turtles-rescued-in-nj-released-back-into-the-ocean/2619484/,False,False
https://www.nbcnewyork.com/news/local/Cold-Thief-Steals-Woman_s-Wheelchair_New-York-401568955.html,False,False
https://www.nbcnewyork.com/news/local/crime-and-courts/weinstein-back-in-court-as-jurors-winnowed-for-rape-trial/2259022/,False,False
https://www.nbcnewyork.com/news/local/fire-breaks-out-at-serbian-mission-in-nyc-fdny/2065473/,False,False
https://www.nbcnewyork.com/news/local/phil-murphy-chris-christie-cutout-beachgate/375239/,False,False
https://www.nbcnewyork.com/news/local/sexting-scandal-wyckoff-middle-school/1918571/,False,False
https://www.nbcnewyork.com/news/local/subway-columbus-circle-most-used-turnstile-mta-nyc/1927815/,False,False
https://www.nbcnewyork.com/news/local/teenage-driver-thrown-from-car-dies-long-island-anthony-fucci/2101184/,False,False
https://www.nbcnewyork.com/news/local/westchester-mom-admits-strangling-18-year-old-daughter/2123921/,False,False
https://www.nbcnewyork.com/news/national-international/warnock-ossoff-win-ga-senate-runoffs-nbc-news-projects/2815765/,False,False
https://www.nbcphiladelphia.com/news/local/muslim-bus-drivers-confront-septa/2006449/,False,False
https://www.nbcsports.com/washington/mystics/mystics-guard-natasha-cloud-calls-end-silence-around-racism-powerful-essay,False,False
https://www.nbcwashington.com/news/local/remains-of-missing-man-found-in-md-park/1896162/,False,False
https://www.ncronline.org/news/world/jewish-and-muslim-hate-crimes-soar-london,False,False
https://www.ndtv.com/india-news/india-says-un-security-council-fueling-refugee-crisis-1247189,True,True
https://www.newarkadvocate.com/story/news/crime/2017/10/05/prosecutors-reviewing-alleged-sexual-assault-legend-elementary/737046001/,False,True
https://www.news-herald.com/news/cleveland-man-sentenced-to-16-years-in-prison-for-role-in-mentor-gun-store-break/article_854c547e-54b2-11e9-8a01-0356d80dcd14.html,False,False
https://www.news9.com/story/41557559/woman-arrested-accused-of-attacking-workers-officer-at-okc-nail-salon,False,False
https://www.newsday.com/long-island/nassau/hempstead-man-convicted-of-murdering-his-estranged-wife-1.9901126,False,False
https://www.newsshopper.co.uk/news/18899698.mother-child-subjected-abuse-bexleyheath-bus-stop/,True,True
https://www.newsweek.com/eight-good-reasons-we-all-including-trump-should-fear-putin-711409,False,False
https://www.newsweek.com/poland-poles-uk-polish-immigrants-hate-crime-brexit-rise-post-ref-racism-496028,False,False
https://www.newyorker.com/news/daily-comment/the-bullying-anti-asian-racism-of-fox-newss-watters-world,True,True
https://www.nj.com/hobokennow/2011/06/cake_boss_remy_gonzalez_pleads.html,False,False
https://www.npr.org/sections/codeswitch/2016/04/23/475369524/awoken-by-n-y-cop-shooting-asian-american-activists-chart-way-forward,False,True
https://www.npr.org/sections/thetwo-way/2014/01/15/262770217/what-s-america-s-problem-most-say-it-s-the-government,False,False
https://www.ny1.com/nyc/all-boroughs/news/2018/04/02/twa-hotel,False,False
https://www.ny1.com/nyc/all-boroughs/public-safety/2020/11/26/nypd-officers-shot-in-queens-released-from-hospital-days-later,False,False
https://www.nydailynews.com/entertainment/brooklyn-decker-rihanna-liam-neeson-explode-screen-battleship-friday-article-1.1077159,False,False
https://www.nydailynews.com/entertainment/evita-opens-broadway-starring-ricky-martin-argentinian-actress-elena-roger-article-1.1056595,False,False
https://www.nydailynews.com/entertainment/glee-actor-mark-salling-settled-sexual-battery-suit-article-1.2482814,False,False
https://www.nydailynews.com/entertainment/gossip/human-barbie-valeria-lukyanova-rants-online-ugly-women-article-1.3018804,False,False
https://www.nydailynews.com/entertainment/gossip/new-accuser-claims-bill-cosby-drugged-bathed-raped-article-1.2409279,False,True
https://www.nydailynews.com/entertainment/ny-jesse-eisenberg-happy-talk-trump-20190607-j3f26bknojfdpki52cftiz2l4a-story.html,False,False
https://www.nydailynews.com/life-style/health/designers-develop-watch-alter-human-body-temperature-article-1.1505924,False,False
https://www.nydailynews.com/life-style/lost-speech-reveals-steve-jobs-idea-ipad-1983-article-1.1175709,False,False
https://www.nydailynews.com/new-york/nyc-crime/cops-hunt-alleged-creep-looked-woman-skirt-brooklyn-article-1.1937477,False,False
https://www.nydailynews.com/new-york/nyc-crime/exclusive-bk-mom-texted-pics-tot-sex-toy-convicted-article-1.1777935,False,False
https://www.nydailynews.com/new-york/nyc-crime/subway-predator-spend-rest-life-behind-bars-article-1.2032855,False,False
https://www.nydailynews.com/new-york/nyu-student-rescued-stuck-shaft-article-1.1505561,False,False
https://www.nydailynews.com/new-york/widow-tragic-regret-talked-hubby-fatal-skydive-article-1.1097450,False,False
https://www.nydailynews.com/news/crime/mom-girl-thrown-bridge-feared-safety-article-1.2071690,False,False
https://www.nydailynews.com/news/crime/new-york-hacker-sentenced-3-years-prison-article-1.2188432,False,False
https://www.nydailynews.com/news/crime/ny-vancouver-hate-crime-brute-attacks-shouts-at-elderly-asian-man-20200424-wyr66kgierf55obk5cx6yeusci-story.html,True,True
https://www.nydailynews.com/news/crime/test-nj-mom-decapitated-toddler-pcp-article-1.1213195,False,False
https://www.nydailynews.com/news/national/40-poisonous-brown-recluse-spiders-invade-nebraska-man-apartment-heat-article-1.1122236,False,False
https://www.nydailynews.com/news/national/glad-tidings-assembly-god-stages-mock-kidnapping-youth-group-failed-warn-parents-article-1.1051314,False,False
https://www.nydailynews.com/news/national/homeless-ga-man-sex-corpse-cops-article-1.2115462,False,False
https://www.nydailynews.com/news/national/louisiana-blue-lives-matter-hate-crime-bill-law-article-1.2645125,False,False
https://www.nydailynews.com/news/national/schools-bringing-armed-guards-newtown-article-1.1435815,False,False
https://www.nydailynews.com/news/national/supreme-court-rejects-swastika-branding-case-article-1.1731890,False,False
https://www.nydailynews.com/news/politics/spell-check-white-house-facebook-post-misspells-americans-article-1.1122870,False,False
https://www.nydailynews.com/news/world/police-officers-arrested-thefts-jenni-rivera-crash-site-article-1.1219411,False,False
https://www.nydailynews.com/news/world/twins-separated-birth-reunite-78-years-article-1.1778204,False,False
https://www.nydailynews.com/news/world/xbox-addict-chris-staniforth-killed-blood-clot-marathon-gaming-session-england-article-1.162095,False,False
https://www.nydailynews.com/opinion/ny-oped-joe-biden-should-not-be-a-metoo-target-20190401-or76n4tbc5dazf5nxq6ifhm6oy-story.html,False,False
https://www.nydailynews.com/sports/basketball/tnt-players-nba-telecast-hit-article-1.2988759,False,False
https://www.nydailynews.com/sports/bondy-10-places-racism-major-issue-sport-article-1.1778178,True,True
https://www.nydailynews.com/sports/football/ravens-ayanbadejo-stoked-gay-marriage-maryland-article-1.1198270,False,False
https://www.nydailynews.com/sports/olympics/gold-shines-wagner-flops-u-s-skating-champs-article-1.1576718,False,False
https://www.nytimes.com/2011/07/31/us/31cnckotlowitz.html,False,False
https://www.nytimes.com/2011/09/05/opinion/how-the-help-depicts-race-relations.html,False,False
https://www.nytimes.com/2011/10/11/business/global/wal-marts-in-china-city-closed-for-pork-mislabeling.html,False,False
https://www.nytimes.com/2012/06/18/sports/ncaafootball/sanduskys-wife-is-an-intriguing-figure-in-his-case.html,False,False
https://www.nytimes.com/2013/01/22/technology/employers-social-media-policies-come-under-regulatory-scrutiny.html,False,False
https://www.nytimes.com/2013/04/01/world/africa/islamist-fighters-repelled-in-assault-on-timbuktu.html,False,False
https://www.nytimes.com/2013/05/10/us/politics/in-bombings-a-bitter-bookend-for-robert-mueller.html,False,False
https://www.nytimes.com/2013/07/17/nyregion/dinkins-in-book-blames-racism-for-re-election-loss.html,False,False
https://www.nytimes.com/2014/02/17/arts/television/girl-meets-alien-in-star-crossed-on-cw.html,False,False
https://www.nytimes.com/2015/04/17/theater/review-the-king-and-i-back-on-broadway.html,False,False
https://www.nytimes.com/2015/09/20/magazine/barbie-wants-to-get-to-know-your-child.html,False,False
https://www.nytimes.com/2016/01/29/us/politics/republican-debate.html,False,False
https://www.nytimes.com/2016/05/26/nyregion/2-men-tied-to-neighborhood-watch-group-plead-guilty-to-attack.html,False,False
https://www.nytimes.com/2016/10/10/nyregion/to-the-woman-who-told-my-family-to-go-back-to-china.html,True,True
https://www.nytimes.com/2017/03/08/us/trump-travel-ban-hawaii.html,False,False
https://www.nytimes.com/2017/05/19/fashion/breast-cancer-research-foundation-the-new-york-philharmonic-el-museo-del-barrio-national-benefits.html,False,False
https://www.nytimes.com/2017/05/19/us/politics/fcc-security-reporter.html,False,False
https://www.nytimes.com/2017/06/19/theater/national-yiddish-theater-folksbiene-immigration-arts-summit.html,False,False
https://www.nytimes.com/2017/12/16/us/trump-racial-jeers.html,False,False
https://www.nytimes.com/2018/04/06/nyregion/new-rochelle-high-school-stabbing-integration.html,False,False
https://www.nytimes.com/2018/09/26/us/politics/brett-kavanaugh-accusers-women.html,False,False
https://www.nytimes.com/2019/05/02/us/military-sexual-assault.html,False,False
https://www.nytimes.com/2019/07/11/magazine/pyotr-pavlensky-art.html,False,False
https://www.nytimes.com/2019/07/13/world/middleeast/ethiopian-israeli-protests-racism.html,False,False
https://www.nytimes.com/2020/01/13/nyregion/letitia-james-fare-beating-nypd.html,False,False
https://www.nytimes.com/2020/02/16/us/coronavirus-american-mood.html,False,True
https://www.nytimes.com/2020/02/18/us/affirmative-action-harvard.html,False,False
https://www.nytimes.com/2020/03/20/learning/film-club-coronavirus-racism-infected-my-high-school.html,True,True
https://www.nytimes.com/interactive/2016/10/17/us/asian-american-confronting-racism.html,False,True
https://www.nyu.edu/about/news-publications/news/2017/april/a-rogue-s-gallery-of-art-crime.html,False,False
https://www.nyunews.com/2016/09/10/tadashi-shoji-ss-2017/,False,False
https://www.ocregister.com/2011/07/30/messy-desk-could-cost-you-a-promotion-2/,False,False
https://www.ocregister.com/2012/04/09/most-wanted-robber-said-he-had-pipe-bomb/,False,False
https://www.ocregister.com/2014/02/16/valentines-day-masquerade-benefits-local-nonprofit/,False,False
https://www.ocregister.com/2015/08/08/four-car-freeway-collision-sparks-fire-on-i-405/,False,False
https://www.ocregister.com/mission-viejo-caregiver-massage-therapist-charged-with-raping-1-patient-sexually-assaulting-2-clients,False,False
https://www.ocregister.com/taco-tuesday-guacamigos-might-be-the-worst-new-restaurant-of-the-year,False,False
https://www.orlandosentinel.com/politics/os-trump-rally-at-ucf-20160305-story.html,False,False
https://www.ozarksfirst.com/capitol-lockdown/san-diego-woman-idd-as-person-shot-dead-inside-capitol/,False,False
https://www.pbs.org/newshour/arts/this-chinese-american-cartoonist-forces-us-to-face-racist-stereotypes,False,True
https://www.pbs.org/wgbh/frontline/article/inside-the-numbers-counting-concussions-in-the-nfl/,False,False
https://www.pe.com/2017/07/21/dessert-waffles-join-lineup-at-riverside-food-lab/,False,False
https://www.pe.com/2018/03/30/4-displaced-by-house-fire-in-perris/,False,False
https://www.pe.com/mitchell-rosen-schizophrenia-is-a-brain-disease-not-mental-illness-health-advocates-say,False,False
https://www.peoriapublicradio.org/post/teen-faces-charges-attack-suburban-chicago-sikh-man,False,False
https://www.pressdemocrat.com/article/news/crews-vacuum-murder-hornets-out-of-washington-nest/,False,False
https://www.prnewswire.com/news-releases/aave-announces-a-recovery-program-for-crypto-addicted-300821643.html,False,False
https://www.prnewswire.com/news-releases/cathay-bank-stands-against-anti-asian-hate-crimes-and-discrimination-301251322.html,True,True
https://www.prnewswire.com/news-releases/silver-miller-files-lawsuits-against-att-and-t-mobile-for-cell-phone-hacks-300746944.html,False,False
https://www.redandblack.com/uganews/richard-graham-passes-away-in-may/article_b862f5ae-07ed-11e5-853f-4760538c5b75.html,False,False
https://www.refinery29.com/en-us/2013/11/56656/kama-sutra-connect-the-dot,False,False
https://www.refinery29.com/en-us/2013/12/58813/most-creative-age-david-galenson,False,False
https://www.refinery29.com/en-us/2015/04/85749/kansas-welfare-law-cuts-definition-lingerie-store,False,False
https://www.refinery29.com/en-us/2018/03/192333/ivanka-trump-fbi-investigation-business-deals-vancouver,False,False
https://www.refinery29.com/en-us/2020/03/9600268/asian-hate-crime-coronavirus-increase-new-york-hotline,True,True
https://www.reuters.com/article/uk-factcheck-dallas-man-attacked-idUSKBN23B2EZ,False,False
https://www.reuters.com/article/us-italy-politics-racism-idUSKCN1P828H,False,False
https://www.riverfronttimes.com/newsblog/2011/10/13/daniel-hughes-ritz-carlton-sexual-assault-suspect-sued-by-home-insurer,False,False
https://www.rudaw.net/english/kurdistan/30112014,False,False
https://www.sactownroyalty.com/2017/1/27/14419806/matt-barnes-sacramento-kings-misdemeanor-assault-charges,False,False
https://www.sacurrent.com/sanantonio/sapd-report-video-tell-two-tales/Content?oid=2339674,False,False
https://www.sandiegouniontribune.com/news/border-baja-california/sdut-five-dead-outside-ensenada-2016apr10-story.html,False,False
https://www.sandiegouniontribune.com/news/border-baja-california/sdut-murrieta-police-lawsuit-settlement-2016jul27-story.html,False,False
https://www.sandiegouniontribune.com/news/california/story/2019-07-18/manholes-are-out-as-berkeley-removes-gender-specific-language-from-city-code,False,False
https://www.sandiegouniontribune.com/news/public-safety/sd-me-pubsafe-notebook-20170302-story.html,False,False
https://www.sandiegouniontribune.com/news/public-safety/story/2020-09-20/man-arrested-in-attempted-kidnapping-at-costco-parking-lot-in-vista,False,False
https://www.sanjoseinside.com/the-fly/faulty-ballots-mailed-out-in-district-4-special-election/,False,False
https://www.sfchronicle.com/giants/article/Giants-Splash-Amateur-scouting-director-Michael-14565281.php,False,False
https://www.sfchronicle.com/outdoors/article/Sunday-drive-to-Indian-Rock-Park-in-Berkeley-10976376.php,False,False
https://www.sfchronicle.com/politics/article/Bay-Area-online-political-events-Rep-Eric-15219894.php,False,True
https://www.shropshirestar.com/news/2011/02/03/telford-father-killed-daughter-in-row-over-tv-noise/,False,False
https://www.stamfordadvocate.com/news/article/Woman-bites-tongue-of-Stamford-sex-attacker-1438659.php,False,False
https://www.statesman.com/story/news/crime/2020/11/26/police-seeking-publicrsquos-help-in-aggravated-assault-road-rage-incident/115053972/,False,False
https://www.stereogum.com/1737855/diplo-under-fire-for-gif-theft-rude-tweets/news/,False,False
https://www.straitstimes.com/asia/se-asia/indonesias-religious-minister-sparks-debate-over-veil-and-trousers-worn-by-muslims,True,True
https://www.summitdaily.com/news/aspen-hedge-fund-manager-accused-of-rape-in-garden-of-farm-to-table-restaurant/,False,False
https://www.sundayguardianlive.com/opinion/mystery-behind-ghost-visits-dreams,False,False
https://www.svvoice.com/hate-crimes-california-law-enforcement-agencies-audited/,False,False
https://www.syfy.com/syfywire/how-annihilation-establishes-a-unique-brand-of-body-horror,False,False
https://www.tampabay.com/life-culture/entertainment/2020/08/10/pbs-will-air-special-for-kids-on-racism-and-give-ken-burns-a-channel/,False,False
https://www.telegraph.co.uk/news/0/japan-earthquake-country-better-prepared-anyone-quakes-tsunamis/,False,False
https://www.telegraph.co.uk/news/worldnews/wikileaks/8299355/WikiLeaks-cables-British-firms-made-millions-from-trading-with-Iranians.html,False,False
https://www.texastribune.org/2019/05/07/LGBTQ-gay-rights-bills-texas-house-dead-advocates-progress-hearings/,False,False
https://www.texastribune.org/2021/03/19/asian-texans-racism-atlanta/,True,True
https://www.theatlantic.com/politics/archive/2013/01/righting-two-martin-luther-king-memorial-wrongs/266944/,False,False
https://www.thecentersquare.com/oregon/oregon-capitol-protester-accused-of-macing-officers-taken-into-custody/article_005d4af2-4fd3-11eb-9660-8fadb6c54e8a.html,False,False
https://www.thecity.nyc/2021/2/11/22279407/anti-asian-hate-crime-surge-fuels-demands-for-systemic-and-sensitive-responses,True,True
https://www.thecollegefix.com/department-of-education-rejects-asian-american-admissions-discrimination-complaint-against-harvard/,True,True
https://www.thecrimson.com/article/2011/2/3/crenshaw-race-black-lecture/,False,False
https://www.theguardian.com/uk-news/2021/mar/19/west-midlands-police-officer-attacked-woman-pc-oliver-banfield,False,False
https://www.theguardian.com/us-news/2015/jan/09/eric-garner-family-tribute-song-this-ends-today,False,False
https://www.theguardian.com/world/2015/aug/10/azerbaijani-journalist-rasim-aliyev-javid-huseynov,False,False
https://www.theguardian.com/world/2015/sep/16/japanese-anti-war-protesters-challenge-shinzo-abe,False,False
https://www.theguardian.com/world/2020/mar/24/coronavirus-us-asian-americans-racism,False,True
https://www.thehindu.com/entertainment/A-film-maker-in-pursuit-of-creative-unhappiness/article13978884.ece,False,False
https://www.thehindu.com/entertainment/movies/padmavati-made-with-good-intentions-says-shahid-kapoor/article19390394.ece,False,False
https://www.thehindu.com/news/cities/Hyderabad/akbaruddin-admitted-to-apollo-hospital/article4455556.ece,False,False
https://www.thehindu.com/news/cities/Madurai/bishops-council-condemns-attack-on-school/article26703614.ece,False,False
https://www.thehindu.com/opinion/editorial/Conserving-the-Bamiyan-Buddhas/article14943280.ece,False,False
https://www.thehindu.com/sport/other-sports/india-all-set-to-host-sepaktakraw/article5055726.ece,False,False
https://www.thejournal.ie/immigrant-council-irelan-dropping-of-work-restrictions-on-bulgarians-and-romanians-530657-Jul2012/,False,False
https://www.thejournal.ie/manor-street-gardai-assault-2910906-Aug2016/,False,False
https://www.thejournal.ie/this-is-what-one-taxi-driver-thinks-of-the-green-light-debate-452348-May2012/,False,False
https://www.thelocal.ch/20171110/un-urges-switzerland-to-fight-harder-against-discrimination-and-racism/,False,False
https://www.thestar.com.my/aseanplus/aseanplus-news/2020/09/20/typhoon-noul-kills-3-in-vietnam-and-cause-economic-losses-up-to-us175mil,False,False
https://www.thestar.com.my/news/nation/2018/05/12/police-raid-rosmah-deluxe-condo-to-look-for-sensitive-documents,False,False
https://www.thewrap.com/awkwards-jillian-rose-reed-play-new-frenemy-jessie-exclusive/,False,False
https://www.thewrap.com/jerry-seinfeld-michael-richards-dick-corcoran-comedians-in-cars-getting-coffee-crackle/,False,False
https://www.thewrap.com/the-reals-jeannie-mai-becomes-5th-miss-usa-co-host-to-dump-donald-trump/,False,False
https://www.thewrap.com/world-cup-germany-argentina-scoreless-after-first-half-in-final/,False,False
https://www.timeslive.co.za/news/south-africa/2016-02-03-prisoners-roped-in-to-help-reclaim-south-africas-world-title-for-mandela/,False,False
https://www.timesofisrael.com/a-woman-shatters-the-silence-on-sexual-assault-of-arab-women/,False,False
https://www.timesunion.com/local/article/Hate-crime-is-not-part-of-assault-plea-989641.php,False,False
https://www.tmz.com/2012/11/07/cee-lo-accuser-sexual-assault-ecstasy-mdma/,False,False
https://www.todayonline.com/world/fears-trade-war-spike-after-trump-announces-sweeping-steel-aluminum-tariffs,False,False
https://www.toledoblade.com/news/religion/2014/08/18/Calif-pastor-Rick-Warren-hopes-to-expand-his-ministry-to-East-Africa-after-years-spent-in-Rwanda/stories/20140818140,False,False
https://www.trtworld.com/europe/british-muslims-nervous-amid-attack-threats-16422,False,True
https://www.ucanews.com/news/covid-19-spurs-online-sex-abuse-against-indonesian-women/90464,True,True
https://www.ucf.edu/news/from-touch-tanks-to-movies-ucfs-service-learning-delivers-science/,False,False
https://www.upi.com/Top_News/World-News/2018/11/04/Angelina-Jolie-visits-Seoul-to-call-for-protection-for-Yemeni-refugees/3371541388071/,False,False
https://www.usatoday.com/story/life/entertainthis/2016/06/26/jesse-williams-on-racism-2016-bet-awards-speech/86420476/,False,False
https://www.usatoday.com/story/news/nation-now/2017/05/19/yale-dean-leave-yelp-comments-calling-people-white-trash-low-class/332046001/,True,True
https://www.usatoday.com/story/sports/golf/2018/06/18/u-s-open-2018-paulina-gretzky-dustin-johnson-celebration/709694002/,False,False
https://www.usatoday.com/story/sports/nfl/2013/01/18/49ers-crabtree-questioned-in-sexual-assault-case/1846941/,False,False
https://www.usmagazine.com/celebrity-news/news/selena-gomez-subpoenaed-for-justin-bieber-lawsuit-hilarious-pictures-2014283/,False,False
https://www.uwyo.edu/uw/news/2020/09/uw-to-host-confronting-racism-town-hall-sept.-29.html,False,False
https://www.vibe.com/news/entertainment/racist-white-woman-subway-assault-charges-626299/,True,True
https://www.virginiamercury.com/blog-va/vmi-denies-systemic-racism-but-pledges-cooperation-with-probe-virginias-tight-congressional-races-a-big-flap-over-richmond-geese-and-more-headlines/,False,False
https://www.voanews.com/east-asia/us-airstrikes-target-taliban-positions-southern-afghanistan,False,False
https://www.voanews.com/student-union/racist-attacks-syracuse-university-spark-controversy-fear,True,True
https://www.voanews.com/usa/california-synagogue-shooting-suspect-pleads-not-guilty-hate-crimes,False,False
https://www.vogue.com/article/janet-jackson-bts-speech-mnet-asian-music-awards,False,True
https://www.vulture.com/2018/06/district-attorney-reviewing-sylvester-stallone-assault-case.html,False,False
https://www.wbtv.com/story/35106397/man-charged-in-indian-store-arson-hate-crime,True,False
https://www.wbur.org/news/2015/01/05/long-island-bridge-demo-begins,False,False
https://www.wdbj7.com/content/news/High-schoolers-posing-as-Columbine-shooters-suspended-499567831.html,False,False
https://www.wdrb.com/news/federal-charges-filed-against-asian-buffet-owner-in-shelbyville-after-raids/article_58d4d66c-0d17-5459-9bf1-80987775e759.html,False,False
https://www.wdsu.com/article/kermit-ruffins-daughter-was-target-of-racist-bullying-at-school/3380673,False,False
https://www.wfla.com/news/steampunk-inspired-restaurant-at-universal-orlando-opens-sept-22/,False,False
https://www.wjbf.com/csra-news/commission-declares-may-3rd-james-brown-day-in-augusta/,False,False
https://www.wjbf.com/csra-news/more-parking-and-new-facilities-coming-to-doctors-hospital/,False,False
https://www.wjbf.com/news/columbia-county-community-mourns-death-of-17-year-old-jordan-middleton/,False,False
https://www.wjhl.com/news/5-ole-miss-students-arrested-in-assault-on-sigma-pi-fraternity-member/,False,False
https://www.wkbn.com/news/local-news/police-sebring-man-arrested-for-assaulting-woman-trying-to-assault-police/,False,False
https://www.wmbfnews.com/story/17352709/fcso-man-struck-kids-with-bat-during-assault,False,False
https://www.wowt.com/content/news/Three-dozen-make-familiar-pledge-to-join-Americas-journey-419412244.html,False,False
https://www.wric.com/news/man-charged-with-sexually-assaulting-woman-during-massage-in-hanover/,False,False
https://www.wsav.com/news/only-on-3-sex-trafficking-survivor-speaks-out-after-years-of-bondage/,False,False
https://www.wsj.com/articles/BL-SEB-77029,False,True
https://www.wsj.com/articles/SB10001424127887323646604578399943583708244,False,False
https://www.wsj.com/articles/googles-trust-us-approach-doesnt-satisfy-pay-gap-skeptics-1498302004,False,False
https://www.wsj.com/articles/higher-taxes-inevitable-for-russia-finance-minister-says-1448382586,False,False
https://www.wsj.com/articles/iran-allied-rebels-strike-saudi-airport-11560344440,False,False
https://www.wsj.com/articles/partisan-rift-threatens-federal-data-privacy-law-11550422831,False,False
https://www.wsj.com/articles/singapore-fake-news-bill-orders-corrections-by-social-media-giants-11554129644,False,False
https://www.wsmv.com/news/vanderbilt-surgeon-receives-death-threats-over-social-media-post/article_fdb1d7b5-a2db-54f5-85a2-44605981a131.html,True,True
https://www.wvgazettemail.com/life/innerviews-community-activist-98-reflects-on-rise-above-racism/article_be8027e3-38a0-551c-bad3-b7cb514e620f.html,False,False
https://www.wyomingpublicmedia.org/post/moratorium-new-water-permits-extended,False,False
https://www.yourlocalguardian.co.uk/news/10486206.man-guilty-of-displaying-asians-only-sign-outside-his-sutton-home/,True,True
https://www.zawya.com/mena/en/legal/story/Runaway_workers_to_pay_for_flights_home_from_Bahrain-SNG_164405173/,False,False
https://yle.fi/uutiset/osasto/news/husbands_from_turkey_wives_from_thailand/6563519,False,False
